{
    "data":{
        "attributes":{
            "position":{
                "itemSize":3,
                "type":"Float32Array",
                "array":[-0.0364469,-0.00415429,0.0566832,-0.141457,-0.0041543,-0.0566832,-0.0364469,-0.0041543,-0.0566832,-0.0364469,0.0663658,-0.0566832,-0.141457,0.0663658,0.0566832,-0.0364469,0.0663658,0.0566832,-0.0364469,-0.00415429,0.0566832,-0.141457,0.0663658,0.0566832,-0.141457,-0.00415429,0.0566832,0.0685631,0.0436345,-0.0191622,0.0685631,0.0663658,0.0191622,0.0685631,0.0436345,0.0191622,-0.141457,-0.0041543,-0.0566832,-0.0364469,0.0663658,-0.0566832,-0.0364469,-0.0041543,-0.0566832,-0.246467,0.0210014,0.0297381,-0.246467,0.0663658,-0.0297382,-0.246467,0.0210014,-0.0297382,0.0685631,0.0436345,0.0191622,0.0685631,0.0436345,-0.0191622,-0.246467,0.0210014,-0.0297382,-0.141457,-0.00415429,0.0566832,-0.246467,0.0210014,0.0297381,0.0685631,0.0663658,-0.0191622,0.0685631,0.0663658,0.0191622,-0.246467,0.0663658,0.0297381,-0.141457,0.0663658,-0.0566832,-0.246467,0.0663658,-0.0297382,0.0685631,0.0436345,0.0191622,-0.0364469,0.0663658,0.0566832,-0.246467,0.0210014,0.0297381,-0.246467,0.0663658,0.0297381,-0.246467,0.0210014,-0.0297382,-0.141457,0.0663658,-0.0566832,0.0685631,0.0436345,-0.0191622,0.0685631,0.0663658,-0.0191622,0.113452,0.099331,0.0393639,-0.0512061,0.099331,0.0326711,0.113527,0.099331,0.0357364,-0.0250289,0.307396,0.0381122,-0.0518849,0.307396,0.0339228,-0.0519606,0.307396,0.0375502,0.113452,0.099331,0.0393639,-0.0249532,0.307396,0.0344847,-0.0250289,0.307396,0.0381122,-0.0512061,0.099331,0.0326711,-0.0249532,0.307396,0.0344847,0.113527,0.099331,0.0357364,-0.0512818,0.099331,0.0362986,-0.0518849,0.307396,0.0339228,-0.0512061,0.099331,0.0326711,-0.0512818,0.099331,0.0362986,-0.0250289,0.307396,0.0381122,-0.0519606,0.307396,0.0375502,-0.10489,0.099331,-0.0374536,-0.101261,0.099331,0.109489,-0.10489,0.099331,0.109489,-0.101261,0.307396,0.0494862,-0.10489,0.307396,0.0225487,-0.10489,0.307396,0.0494862,-0.101261,0.099331,0.109489,-0.10489,0.307396,0.0494862,-0.10489,0.099331,0.109489,-0.101261,0.099331,-0.0374536,-0.101261,0.307396,0.0494862,-0.101261,0.099331,0.109489,-0.10489,0.099331,-0.0374536,-0.101261,0.307396,0.0225487,-0.101261,0.099331,-0.0374536,-0.10489,0.099331,0.109489,-0.10489,0.307396,0.0225487,-0.10489,0.099331,-0.0374536,-0.201237,0.099331,0.0993008,-0.126497,0.099331,-0.0272658,-0.198068,0.099331,0.101068,-0.172011,0.307396,0.046897,-0.155722,0.307396,0.0251379,-0.158891,0.307396,0.0233707,-0.198068,0.099331,0.101068,-0.172011,0.307396,0.046897,-0.201237,0.099331,0.0993008,-0.126497,0.099331,-0.0272658,-0.168843,0.307396,0.0486642,-0.198068,0.099331,0.101068,-0.129666,0.099331,-0.029033,-0.155722,0.307396,0.0251379,-0.126497,0.099331,-0.0272658,-0.201237,0.099331,0.0993008,-0.158891,0.307396,0.0233707,-0.129666,0.099331,-0.029033,0.0685631,0.0663658,-0.0191622,-0.246467,0.0663658,0.0297381,0.0685631,0.0663658,0.0191622,-0.246467,0.0663658,-0.0297382,-0.0512818,0.099331,0.0362986,-0.0249532,0.307396,0.0344847,0.113527,0.099331,0.0357364,-0.0518849,0.307396,0.0339228,-0.0519606,0.307396,0.0375502,0.113452,0.099331,0.0393639,-0.101261,0.099331,-0.0374536,-0.101261,0.307396,0.0225487,-0.101261,0.307396,0.0494862,-0.101261,0.307396,0.0225487,-0.10489,0.307396,0.0225487,-0.10489,0.307396,0.0494862,-0.129666,0.099331,-0.029033,-0.168843,0.307396,0.0486642,-0.168843,0.307396,0.0486642,-0.155722,0.307396,0.0251379,-0.158891,0.307396,0.0233707,-0.172011,0.307396,0.046897]
            },
            "normal":{
                "itemSize":3,
                "type":"Float32Array",
                "array":[0.188269,-0.982086,0,-0.107364,-0.994201,0,0.188269,-0.982086,0,0,1,0,0,0.999969,0,0,1,0,0.145421,0,0.989349,-0.125248,0,0.992096,-0.115421,0,0.993286,1,0,0,1,0,0,1,0,0,-0.115421,0,-0.993286,0.170721,0,-0.98529,0.145421,0,-0.989349,-1,0,0,-1,0,0,-1,0,0,0.414197,-0.910154,0,0.414197,-0.910154,0,-0.232948,-0.972472,0,-0.107364,-0.994201,0,-0.232948,-0.972472,0,0,0.999969,0,0,0.999969,0,0,1,0,0,0.999969,0,0,1,0,0.336467,0,0.941679,0.170721,0,0.98529,-0.248543,0,0.968596,-0.248543,0,0.968596,-0.248543,0,-0.968596,-0.125248,0,-0.992096,0.336467,0,-0.941679,0.336467,0,-0.941679,0,-1,0,0,-1,0,0,-0.999969,0,0,1,0,0,1,0,0,1,0,0.832301,0.554033,0.0173345,0.83227,0.554033,0.017365,0.83227,0.554033,0.017365,0.0187689,0.00631733,-0.999786,0.0201117,0.00616474,-0.999756,0.0185858,0.00634785,-0.999786,-0.999756,-0.00311289,-0.0208441,-0.999756,-0.00311289,-0.0208441,-0.999756,-0.00311289,-0.0208441,-0.0187689,-0.00631733,0.999786,-0.0201117,-0.00616474,0.999756,-0.0208441,-0.00607318,0.999756,0,-0.999969,0,0,-0.999969,0,0,-1,0,0,1,0,0,1,0,0,1,0,0,0.277078,0.960814,0,0.277078,0.960814,0,0.277078,0.960814,1,0,0,1,0,0,0.999969,0,0,0,0.277078,-0.960814,0,0.277078,-0.960814,0,0.277078,-0.960814,-1,0,0,-0.999969,0,0,-0.999969,0,0,0,-0.999969,0,0,-1,0,0,-1,0,0,1,0,0,1,0,0,1,0,-0.468001,0.277078,0.839137,-0.467971,0.277078,0.839137,-0.468001,0.277078,0.839137,0.873348,0,0.487045,0.873348,0,0.487045,0.873348,0,0.487045,0.467971,0.277078,-0.839137,0.467971,0.277078,-0.839137,0.467971,0.277078,-0.839137,-0.873348,0,-0.487045,-0.873348,0,-0.487045,-0.873348,0,-0.487045,1,0,0,-1,0,0,0.336467,0,0.941679,-0.248543,0,-0.968596,0,-1,0,0,1,0,0.832301,0.554033,0.0173345,0.0208441,0.00607318,-0.999756,-0.999756,-0.00311289,-0.0208441,-0.0185858,-0.00634785,0.999786,0,-1,0,0,1,0,0,0.277078,0.960814,1,0,0,0,0.277078,-0.960814,-0.999969,0,0,0,-1,0,0,1,0,-0.467971,0.277078,0.839137,0.873348,0,0.487045,0.467971,0.277078,-0.839137,-0.873348,0,-0.487045]
            },
            "uv":{
                "itemSize":2,
                "type":"Float32Array",
                "array":[-12.4704,0,-5.73522,20.2057,-12.4704,20.2057,13.4704,20.2057,6.73522,0,13.4704,0,13.4704,0,6.73522,12.569,6.73522,0,20.2057,0,0,12.569,0,0,13.4704,0,6.73522,12.569,6.73522,0,20.2057,0,0,12.569,0,0,-19.2057,0,-19.2057,20.2057,1,20.2057,-5.73522,0,1,0,20.2057,20.2057,20.2057,0,0,0,6.73522,20.2057,0,20.2057,20.2057,0,13.4704,12.569,0,0,0,12.569,20.2057,0,13.4704,12.569,0,0,0,12.569,1,0,-1.00277,41.0168,-1.00277,0,0,0,2.00277,41.0168,0,41.0168,0,0,2.00277,24.514,0,24.514,41.0168,0,0,24.514,0,0,2.00277,0,0,24.514,0,0,0,0,41.0168,24.514,0,24.514,1,41.0168,-1.00277,0,1,0,2.00277,0,0,41.0168,0,0,2.00277,0,0,24.514,0,0,41.0168,0,0,24.514,0,0,2.00277,0,0,24.514,0,0,41.0168,0,0,24.514,0,0,1,0,-1.00277,41.0168,-1.00277,0,0,0,2.00277,41.0168,0,41.0168,2.00277,0,0,24.514,0,0,41.0168,0,0,24.514,0,0,2.00277,0,0,24.514,0,0,41.0168,0,0,24.514,0,0,20.2057,12.569,20.2057,12.569,20.2057,12.569,20.2057,12.569,1,41.0168,2.00277,0,2.00277,0,41.0168,24.514,2.00277,24.514,41.0168,0,-1.00277,41.0168,2.00277,41.0168,2.00277,24.514,41.0168,24.514,2.00277,24.514,41.0168,24.514,1,41.0168,2.00277,0,2.00277,24.514,41.0168,24.514,2.00277,24.514,41.0168,24.514]
            }
        },
        "index":{
            "itemSize":1,
            "type":"Uint16Array",
            "array":[0,1,2,3,4,5,6,7,8,9,10,11,12,13,14,15,16,17,18,2,19,20,21,22,23,5,24,25,26,27,28,29,6,30,7,31,32,33,12,34,13,35,36,37,38,39,40,41,42,43,44,45,46,47,48,49,50,51,52,53,54,55,56,57,58,59,60,61,62,63,64,65,66,67,68,69,70,71,72,73,74,75,76,77,78,79,80,81,82,83,84,85,86,87,88,89,0,21,1,3,26,4,6,29,7,9,90,10,12,33,13,15,91,16,18,0,2,20,1,21,23,3,5,25,4,26,28,92,29,30,8,7,32,93,33,34,14,13,36,94,37,39,95,40,42,96,43,45,97,46,48,98,49,51,99,52,54,100,55,57,101,58,60,102,61,63,103,64,66,104,67,69,105,70,72,106,73,75,107,76,78,108,79,81,109,82,84,110,85,87,111,88]
        }
    },
    "metadata":{
        "type":"BufferGeometry",
        "normal":112,
        "uv":112,
        "generator":"io_three",
        "version":3,
        "position":112
    }
}